n,target_workcode,workcode,coef_l1_change,coef_l2_change,coef_cosine_similarity,gain_sum_before,gain_sum_after,delta_gain_sum,nonzero_features_before,nonzero_features_after,delta_nonzero_features
1,30,30,157.92588424682617,38.776348869925414,0.9880351451447157,638.7075462341309,792.4971542358398,153.78960800170898,22,22,0
2,30,30,138.6163330078125,31.742676390520767,0.9957707247157833,782.9559593200684,921.5722923278809,138.6163330078125,22,22,0
3,30,30,59.639732360839844,14.902708675614004,0.9986161797137183,1033.182846069336,1083.5001068115234,50.3172607421875,22,22,0
4,30,30,49.118892669677734,15.378831549187115,0.9985651728690078,1190.7566947937012,1200.6688690185547,9.912174224853516,22,22,0
5,30,30,31.774368286132812,15.293847997195726,0.9994033868702114,1340.0666961669922,1316.0721588134766,-23.994537353515625,22,22,0
6,30,30,71.84469223022461,23.06616936370087,0.9983944672272524,1567.166347503662,1578.289794921875,11.12344741821289,22,22,0
