n,target_workcode,workcode,coef_l1_change,coef_l2_change,coef_cosine_similarity,gain_sum_before,gain_sum_after,delta_gain_sum,nonzero_features_before,nonzero_features_after,delta_nonzero_features
1,30,30,67.55868148803711,15.548882223584004,0.9966386198091323,638.7075462341309,696.9301071166992,58.22256088256836,22,22,0
2,30,30,82.79306411743164,18.93825362072365,0.9976891337725766,782.9559593200684,863.1744384765625,80.21847915649414,22,22,0
3,30,30,34.88133239746094,9.880186317751553,0.9991669585339238,1033.182846069336,1047.5204772949219,14.337631225585938,22,22,0
4,30,30,45.130943298339844,15.849461408290649,0.9986391741372419,1190.7566947937012,1188.2466850280762,-2.510009765625,22,22,0
5,30,30,36.44492721557617,18.659482424557254,0.9991986758917023,1340.0666961669922,1306.329761505127,-33.736934661865234,22,22,0
6,30,30,62.20668411254883,21.975431976462396,0.9987946768468733,1567.166347503662,1558.509033203125,-8.65731430053711,22,22,0
