workcode,rows_before,mae_before,trees_before,rows_after,mae_after,trees_after,n,target_workcode,delta_mae,delta_trees
30,9951,35.365404048332,1200,9951,35.33754291733765,1350,1,30,-0.027861130994352834,150
30,6728,34.956920586391526,1200,6728,32.96089984979868,1350,2,30,-1.9960207365928468,150
30,7121,31.644449339565714,1200,7121,30.869492155146055,1350,3,30,-0.7749571844196588,150
30,8198,30.709803558966623,1200,8198,30.329565013223814,1350,4,30,-0.38023854574280946,150
30,10709,31.654660560637836,1200,10709,30.085719663646536,1350,5,30,-1.5689408969913003,150
30,6814,32.18451637009312,1200,6814,31.599709667860818,1350,6,30,-0.5848067022323029,150
