workcode,rows_before,mae_before,trees_before,rows_after,mae_after,trees_after,n,target_workcode,delta_mae,delta_trees
30,9951,35.365404048332,1200,9951,34.84294209596919,1350,1,30,-0.5224619523628107,150
30,6728,34.956920586391526,1200,6728,33.77671687576745,1350,2,30,-1.1802037106240775,150
30,7121,31.644449339565714,1200,7121,31.086585517341177,1350,3,30,-0.5578638222245367,150
30,8198,30.709803558966623,1200,8198,30.40148758491094,1350,4,30,-0.30831597405568445,150
30,10709,31.654660560637836,1200,10709,30.40252687503346,1350,5,30,-1.2521336856043774,150
30,6814,32.18451637009312,1200,6814,31.684116704499086,1350,6,30,-0.5003996655940348,150
